INSERT INTO `evenement` (`id_evenement`, `nom_evenement`, `date_debut`, `date_fin`, `lieu`, `statu`) VALUES (1, 'tour de france', '2021-02-27', '2021-03-24', 'marseille', 'non annulé');
INSERT INTO `evenement` (`id_evenement`, `nom_evenement`, `date_debut`, `date_fin`, `lieu`, `statu`) VALUES (2, 'festival', '2021-03-02', '2021-03-24', 'lyon', 'non annulé');
INSERT INTO `evenement` (`id_evenement`, `nom_evenement`, `date_debut`, `date_fin`, `lieu`, `statu`) VALUES (3, 'fete de la musique', '2021-03-01', '2021-03-05', 'marseille', 'non annulé');
INSERT INTO `evenement` (`id_evenement`, `nom_evenement`, `date_debut`, `date_fin`, `lieu`, `statu`) VALUES (4, 'tour de france', '2021-03-03', '2021-03-16', 'marseille', 'non annulé');
INSERT INTO `evenement` (`id_evenement`, `nom_evenement`, `date_debut`, `date_fin`, `lieu`, `statu`) VALUES (5, 'mariage', '2021-03-18', '2021-03-21', 'grenoble', 'non annulé');
INSERT INTO `evenement` (`id_evenement`, `nom_evenement`, `date_debut`, `date_fin`, `lieu`, `statu`) VALUES (6, 'mariage', '2021-03-12', '2021-03-18', 'lille', 'non annulé');
INSERT INTO `evenement` (`id_evenement`, `nom_evenement`, `date_debut`, `date_fin`, `lieu`, `statu`) VALUES (7, 'festival', '2021-02-27', '2021-03-08', 'grenoble', 'non annulé');
INSERT INTO `evenement` (`id_evenement`, `nom_evenement`, `date_debut`, `date_fin`, `lieu`, `statu`) VALUES (8, 'festival', '2021-03-03', '2021-03-20', 'grenoble', 'non annulé');
INSERT INTO `evenement` (`id_evenement`, `nom_evenement`, `date_debut`, `date_fin`, `lieu`, `statu`) VALUES (9, 'festival', '2021-03-12', '2021-03-13', 'marseille', 'non annulé');
INSERT INTO `evenement` (`id_evenement`, `nom_evenement`, `date_debut`, `date_fin`, `lieu`, `statu`) VALUES (10, 'festival', '2021-03-08', '2021-03-08', 'grenoble', 'non annulé');
INSERT INTO `evenement` (`id_evenement`, `nom_evenement`, `date_debut`, `date_fin`, `lieu`, `statu`) VALUES (11, 'mariage', '2021-03-08', '2021-03-25', 'marseille', 'non annulé');
INSERT INTO `evenement` (`id_evenement`, `nom_evenement`, `date_debut`, `date_fin`, `lieu`, `statu`) VALUES (12, 'festival', '2021-03-03', '2021-03-17', 'lyon', 'non annulé');
INSERT INTO `evenement` (`id_evenement`, `nom_evenement`, `date_debut`, `date_fin`, `lieu`, `statu`) VALUES (13, 'festival', '2021-03-07', '2021-03-11', 'grenoble', 'non annulé');
INSERT INTO `evenement` (`id_evenement`, `nom_evenement`, `date_debut`, `date_fin`, `lieu`, `statu`) VALUES (14, 'festival', '2021-03-09', '2021-03-11', 'grenoble', 'non annulé');
INSERT INTO `evenement` (`id_evenement`, `nom_evenement`, `date_debut`, `date_fin`, `lieu`, `statu`) VALUES (15, 'tour de france', '2021-02-26', '2021-03-23', 'grenoble', 'non annulé');
INSERT INTO `evenement` (`id_evenement`, `nom_evenement`, `date_debut`, `date_fin`, `lieu`, `statu`) VALUES (16, 'tour de france', '2021-03-11', '2021-03-18', 'paris', 'non annulé');
INSERT INTO `evenement` (`id_evenement`, `nom_evenement`, `date_debut`, `date_fin`, `lieu`, `statu`) VALUES (17, 'festival', '2021-02-28', '2021-03-03', 'lille', 'non annulé');
INSERT INTO `evenement` (`id_evenement`, `nom_evenement`, `date_debut`, `date_fin`, `lieu`, `statu`) VALUES (18, 'tour de france', '2021-03-21', '2021-03-25', 'lille', 'non annulé');
INSERT INTO `evenement` (`id_evenement`, `nom_evenement`, `date_debut`, `date_fin`, `lieu`, `statu`) VALUES (19, 'fete de la musique', '2021-02-28', '2021-03-04', 'lille', 'non annulé');
INSERT INTO `evenement` (`id_evenement`, `nom_evenement`, `date_debut`, `date_fin`, `lieu`, `statu`) VALUES (20, 'tour de france', '2021-03-07', '2021-03-19', 'paris', 'non annulé');
INSERT INTO `evenement` (`id_evenement`, `nom_evenement`, `date_debut`, `date_fin`, `lieu`, `statu`) VALUES (21, 'festival', '2021-02-26', '2021-03-10', 'lille', 'non annulé');
INSERT INTO `evenement` (`id_evenement`, `nom_evenement`, `date_debut`, `date_fin`, `lieu`, `statu`) VALUES (22, 'fete de la musique', '2021-03-13', '2021-03-17', 'paris', 'non annulé');
INSERT INTO `evenement` (`id_evenement`, `nom_evenement`, `date_debut`, `date_fin`, `lieu`, `statu`) VALUES (23, 'festival', '2021-03-01', '2021-03-17', 'paris', 'non annulé');
INSERT INTO `evenement` (`id_evenement`, `nom_evenement`, `date_debut`, `date_fin`, `lieu`, `statu`) VALUES (24, 'mariage', '2021-02-27', '2021-02-27', 'paris', 'non annulé');
INSERT INTO `evenement` (`id_evenement`, `nom_evenement`, `date_debut`, `date_fin`, `lieu`, `statu`) VALUES (25, 'festival', '2021-03-18', '2021-03-25', 'grenoble', 'non annulé');
INSERT INTO `evenement` (`id_evenement`, `nom_evenement`, `date_debut`, `date_fin`, `lieu`, `statu`) VALUES (26, 'festival', '2021-03-02', '2021-03-04', 'lyon', 'non annulé');
INSERT INTO `evenement` (`id_evenement`, `nom_evenement`, `date_debut`, `date_fin`, `lieu`, `statu`) VALUES (27, 'fete de la musique', '2021-03-03', '2021-03-09', 'marseille', 'non annulé');
INSERT INTO `evenement` (`id_evenement`, `nom_evenement`, `date_debut`, `date_fin`, `lieu`, `statu`) VALUES (28, 'tour de france', '2021-03-15', '2021-03-22', 'grenoble', 'non annulé');
INSERT INTO `evenement` (`id_evenement`, `nom_evenement`, `date_debut`, `date_fin`, `lieu`, `statu`) VALUES (29, 'tour de france', '2021-03-01', '2021-03-24', 'grenoble', 'non annulé');
INSERT INTO `evenement` (`id_evenement`, `nom_evenement`, `date_debut`, `date_fin`, `lieu`, `statu`) VALUES (30, 'mariage', '2021-03-06', '2021-03-18', 'lille', 'non annulé');
INSERT INTO `evenement` (`id_evenement`, `nom_evenement`, `date_debut`, `date_fin`, `lieu`, `statu`) VALUES (31, 'mariage', '2021-02-25', '2021-03-06', 'paris', 'non annulé');
INSERT INTO `evenement` (`id_evenement`, `nom_evenement`, `date_debut`, `date_fin`, `lieu`, `statu`) VALUES (32, 'tour de france', '2021-03-25', '2021-03-25', 'paris', 'non annulé');
INSERT INTO `evenement` (`id_evenement`, `nom_evenement`, `date_debut`, `date_fin`, `lieu`, `statu`) VALUES (33, 'tour de france', '2021-03-07', '2021-03-22', 'paris', 'non annulé');
INSERT INTO `evenement` (`id_evenement`, `nom_evenement`, `date_debut`, `date_fin`, `lieu`, `statu`) VALUES (34, 'fete de la musique', '2021-03-23', '2021-03-23', 'grenoble', 'non annulé');
INSERT INTO `evenement` (`id_evenement`, `nom_evenement`, `date_debut`, `date_fin`, `lieu`, `statu`) VALUES (35, 'fete de la musique', '2021-03-03', '2021-03-12', 'grenoble', 'non annulé');
INSERT INTO `evenement` (`id_evenement`, `nom_evenement`, `date_debut`, `date_fin`, `lieu`, `statu`) VALUES (36, 'mariage', '2021-03-06', '2021-03-20', 'grenoble', 'non annulé');
INSERT INTO `evenement` (`id_evenement`, `nom_evenement`, `date_debut`, `date_fin`, `lieu`, `statu`) VALUES (37, 'fete de la musique', '2021-03-18', '2021-03-22', 'marseille', 'non annulé');
INSERT INTO `evenement` (`id_evenement`, `nom_evenement`, `date_debut`, `date_fin`, `lieu`, `statu`) VALUES (38, 'tour de france', '2021-02-26', '2021-03-15', 'marseille', 'non annulé');
INSERT INTO `evenement` (`id_evenement`, `nom_evenement`, `date_debut`, `date_fin`, `lieu`, `statu`) VALUES (39, 'fete de la musique', '2021-02-28', '2021-03-20', 'lille', 'non annulé');
INSERT INTO `evenement` (`id_evenement`, `nom_evenement`, `date_debut`, `date_fin`, `lieu`, `statu`) VALUES (40, 'mariage', '2021-03-07', '2021-03-25', 'lille', 'non annulé');
INSERT INTO `evenement` (`id_evenement`, `nom_evenement`, `date_debut`, `date_fin`, `lieu`, `statu`) VALUES (41, 'mariage', '2021-03-10', '2021-03-13', 'paris', 'non annulé');
INSERT INTO `evenement` (`id_evenement`, `nom_evenement`, `date_debut`, `date_fin`, `lieu`, `statu`) VALUES (42, 'mariage', '2021-03-12', '2021-03-24', 'paris', 'non annulé');
INSERT INTO `evenement` (`id_evenement`, `nom_evenement`, `date_debut`, `date_fin`, `lieu`, `statu`) VALUES (43, 'fete de la musique', '2021-03-05', '2021-03-14', 'paris', 'non annulé');
INSERT INTO `evenement` (`id_evenement`, `nom_evenement`, `date_debut`, `date_fin`, `lieu`, `statu`) VALUES (44, 'mariage', '2021-03-17', '2021-03-21', 'grenoble', 'non annulé');
INSERT INTO `evenement` (`id_evenement`, `nom_evenement`, `date_debut`, `date_fin`, `lieu`, `statu`) VALUES (45, 'festival', '2021-02-28', '2021-03-02', 'paris', 'non annulé');
INSERT INTO `evenement` (`id_evenement`, `nom_evenement`, `date_debut`, `date_fin`, `lieu`, `statu`) VALUES (46, 'fete de la musique', '2021-03-06', '2021-03-21', 'paris', 'non annulé');
INSERT INTO `evenement` (`id_evenement`, `nom_evenement`, `date_debut`, `date_fin`, `lieu`, `statu`) VALUES (47, 'tour de france', '2021-03-01', '2021-03-05', 'lille', 'non annulé');
INSERT INTO `evenement` (`id_evenement`, `nom_evenement`, `date_debut`, `date_fin`, `lieu`, `statu`) VALUES (48, 'mariage', '2021-03-06', '2021-03-22', 'lille', 'non annulé');
INSERT INTO `evenement` (`id_evenement`, `nom_evenement`, `date_debut`, `date_fin`, `lieu`, `statu`) VALUES (49, 'fete de la musique', '2021-03-15', '2021-03-21', 'grenoble', 'non annulé');
INSERT INTO `evenement` (`id_evenement`, `nom_evenement`, `date_debut`, `date_fin`, `lieu`, `statu`) VALUES (50, 'mariage', '2021-02-26', '2021-03-22', 'lille', 'non annulé');
INSERT INTO `evenement` (`id_evenement`, `nom_evenement`, `date_debut`, `date_fin`, `lieu`, `statu`) VALUES (51, 'fete de la musique', '2021-02-27', '2021-03-25', 'paris', 'non annulé');
INSERT INTO `evenement` (`id_evenement`, `nom_evenement`, `date_debut`, `date_fin`, `lieu`, `statu`) VALUES (52, 'fete de la musique', '2021-03-14', '2021-03-21', 'lille', 'non annulé');
INSERT INTO `evenement` (`id_evenement`, `nom_evenement`, `date_debut`, `date_fin`, `lieu`, `statu`) VALUES (53, 'tour de france', '2021-03-13', '2021-03-14', 'lyon', 'non annulé');
INSERT INTO `evenement` (`id_evenement`, `nom_evenement`, `date_debut`, `date_fin`, `lieu`, `statu`) VALUES (54, 'fete de la musique', '2021-03-10', '2021-03-23', 'grenoble', 'non annulé');

INSERT INTO `salle` (`id_salle`, `nom_salle`, `capacite`) VALUES (1, 'salle3', 100);
INSERT INTO `salle` (`id_salle`, `nom_salle`, `capacite`) VALUES (2, 'salle3', 50);
INSERT INTO `salle` (`id_salle`, `nom_salle`, `capacite`) VALUES (3, 'salle3', 100);
INSERT INTO `salle` (`id_salle`, `nom_salle`, `capacite`) VALUES (4, 'salle1', 50);
INSERT INTO `salle` (`id_salle`, `nom_salle`, `capacite`) VALUES (5, 'salle3', 100);
INSERT INTO `salle` (`id_salle`, `nom_salle`, `capacite`) VALUES (6, 'salle3', 100);
INSERT INTO `salle` (`id_salle`, `nom_salle`, `capacite`) VALUES (7, 'salle2', 300);
INSERT INTO `salle` (`id_salle`, `nom_salle`, `capacite`) VALUES (8, 'salle1', 300);
INSERT INTO `salle` (`id_salle`, `nom_salle`, `capacite`) VALUES (9, 'salle1', 50);
INSERT INTO `salle` (`id_salle`, `nom_salle`, `capacite`) VALUES (10, 'salle2', 50);
INSERT INTO `salle` (`id_salle`, `nom_salle`, `capacite`) VALUES (11, 'salle1', 300);
INSERT INTO `salle` (`id_salle`, `nom_salle`, `capacite`) VALUES (12, 'salle2', 50);
INSERT INTO `salle` (`id_salle`, `nom_salle`, `capacite`) VALUES (13, 'salle3', 100);
INSERT INTO `salle` (`id_salle`, `nom_salle`, `capacite`) VALUES (14, 'salle1', 50);
INSERT INTO `salle` (`id_salle`, `nom_salle`, `capacite`) VALUES (15, 'salle3', 50);
INSERT INTO `salle` (`id_salle`, `nom_salle`, `capacite`) VALUES (16, 'salle3', 300);
INSERT INTO `salle` (`id_salle`, `nom_salle`, `capacite`) VALUES (17, 'salle3', 50);
INSERT INTO `salle` (`id_salle`, `nom_salle`, `capacite`) VALUES (18, 'salle2', 50);
INSERT INTO `salle` (`id_salle`, `nom_salle`, `capacite`) VALUES (19, 'salle3', 50);
INSERT INTO `salle` (`id_salle`, `nom_salle`, `capacite`) VALUES (20, 'salle2', 100);


INSERT INTO `spectacle` (`id_spectacle`, `type_spectacle`, `date_spectacle`, `heure_debut`, `heure_fin`, `id_evenement`, `id_salle`) VALUES (1, 'performances', '2021-03-25', '12:30:48', '19:42:58', 4, 4);
INSERT INTO `spectacle` (`id_spectacle`, `type_spectacle`, `date_spectacle`, `heure_debut`, `heure_fin`, `id_evenement`, `id_salle`) VALUES (2, 'theatre', '2021-03-17', '00:50:03', '19:03:25', 7, 7);
INSERT INTO `spectacle` (`id_spectacle`, `type_spectacle`, `date_spectacle`, `heure_debut`, `heure_fin`, `id_evenement`, `id_salle`) VALUES (3, 'musique', '2021-03-16', '00:13:48', '00:42:30', 11, 11);
INSERT INTO `spectacle` (`id_spectacle`, `type_spectacle`, `date_spectacle`, `heure_debut`, `heure_fin`, `id_evenement`, `id_salle`) VALUES (4, 'danse', '2021-03-14', '05:58:59', '16:05:16', 12, 12);
INSERT INTO `spectacle` (`id_spectacle`, `type_spectacle`, `date_spectacle`, `heure_debut`, `heure_fin`, `id_evenement`, `id_salle`) VALUES (5, 'cirque', '2021-02-26', '03:40:16', '12:46:11', 14, 14);
INSERT INTO `spectacle` (`id_spectacle`, `type_spectacle`, `date_spectacle`, `heure_debut`, `heure_fin`, `id_evenement`, `id_salle`) VALUES (6, 'danse', '2021-03-01', '03:57:00', '08:33:02', 15, 15);
INSERT INTO `spectacle` (`id_spectacle`, `type_spectacle`, `date_spectacle`, `heure_debut`, `heure_fin`, `id_evenement`, `id_salle`) VALUES (7, 'lectures', '2021-03-20', '04:53:34', '21:06:44', 16, 16);
INSERT INTO `spectacle` (`id_spectacle`, `type_spectacle`, `date_spectacle`, `heure_debut`, `heure_fin`, `id_evenement`, `id_salle`) VALUES (8, 'cirque', '2021-02-27', '08:40:40', '14:04:58', 18, 18);
INSERT INTO `spectacle` (`id_spectacle`, `type_spectacle`, `date_spectacle`, `heure_debut`, `heure_fin`, `id_evenement`, `id_salle`) VALUES (9, 'danse', '2021-03-02', '09:15:35', '09:40:15', 22, 2);
INSERT INTO `spectacle` (`id_spectacle`, `type_spectacle`, `date_spectacle`, `heure_debut`, `heure_fin`, `id_evenement`, `id_salle`) VALUES (10, 'lectures', '2021-03-17', '06:39:54', '16:31:11', 23, 3);
INSERT INTO `spectacle` (`id_spectacle`, `type_spectacle`, `date_spectacle`, `heure_debut`, `heure_fin`, `id_evenement`, `id_salle`) VALUES (11, 'danse', '2021-03-06', '16:42:35', '22:33:29', 24, 4);
INSERT INTO `spectacle` (`id_spectacle`, `type_spectacle`, `date_spectacle`, `heure_debut`, `heure_fin`, `id_evenement`, `id_salle`) VALUES (12, 'lectures', '2021-02-28', '08:55:32', '22:06:15', 25, 5);
INSERT INTO `spectacle` (`id_spectacle`, `type_spectacle`, `date_spectacle`, `heure_debut`, `heure_fin`, `id_evenement`, `id_salle`) VALUES (13, 'cirque', '2021-03-05', '10:06:05', '22:18:49', 26, 6);
INSERT INTO `spectacle` (`id_spectacle`, `type_spectacle`, `date_spectacle`, `heure_debut`, `heure_fin`, `id_evenement`, `id_salle`) VALUES (14, 'cirque', '2021-02-26', '05:02:20', '15:06:24', 29, 9);
INSERT INTO `spectacle` (`id_spectacle`, `type_spectacle`, `date_spectacle`, `heure_debut`, `heure_fin`, `id_evenement`, `id_salle`) VALUES (15, 'danse', '2021-02-27', '00:40:29', '17:13:37', 31, 11);
INSERT INTO `spectacle` (`id_spectacle`, `type_spectacle`, `date_spectacle`, `heure_debut`, `heure_fin`, `id_evenement`, `id_salle`) VALUES (16, 'cirque', '2021-03-02', '00:16:28', '02:16:47', 33, 13);
INSERT INTO `spectacle` (`id_spectacle`, `type_spectacle`, `date_spectacle`, `heure_debut`, `heure_fin`, `id_evenement`, `id_salle`) VALUES (17, 'performances', '2021-03-07', '01:10:37', '22:30:21', 34, 14);
INSERT INTO `spectacle` (`id_spectacle`, `type_spectacle`, `date_spectacle`, `heure_debut`, `heure_fin`, `id_evenement`, `id_salle`) VALUES (18, 'lectures', '2021-03-05', '08:12:58', '22:29:09', 35, 15);
INSERT INTO `spectacle` (`id_spectacle`, `type_spectacle`, `date_spectacle`, `heure_debut`, `heure_fin`, `id_evenement`, `id_salle`) VALUES (19, 'performances', '2021-03-05', '05:29:44', '22:57:48', 36, 16);
INSERT INTO `spectacle` (`id_spectacle`, `type_spectacle`, `date_spectacle`, `heure_debut`, `heure_fin`, `id_evenement`, `id_salle`) VALUES (20, 'danse', '2021-03-19', '08:07:37', '17:05:24', 37, 17);
INSERT INTO `spectacle` (`id_spectacle`, `type_spectacle`, `date_spectacle`, `heure_debut`, `heure_fin`, `id_evenement`, `id_salle`) VALUES (21, 'danse', '2021-03-02', '00:49:11', '12:32:08', 40, 20);
INSERT INTO `spectacle` (`id_spectacle`, `type_spectacle`, `date_spectacle`, `heure_debut`, `heure_fin`, `id_evenement`, `id_salle`) VALUES (22, 'musique', '2021-03-23', '04:12:28', '23:16:16', 42, 2);
INSERT INTO `spectacle` (`id_spectacle`, `type_spectacle`, `date_spectacle`, `heure_debut`, `heure_fin`, `id_evenement`, `id_salle`) VALUES (23, 'danse', '2021-03-10', '00:45:51', '07:28:01', 43, 3);
INSERT INTO `spectacle` (`id_spectacle`, `type_spectacle`, `date_spectacle`, `heure_debut`, `heure_fin`, `id_evenement`, `id_salle`) VALUES (24, 'cirque', '2021-03-15', '10:16:42', '12:07:32', 44, 4);
INSERT INTO `spectacle` (`id_spectacle`, `type_spectacle`, `date_spectacle`, `heure_debut`, `heure_fin`, `id_evenement`, `id_salle`) VALUES (25, 'lectures', '2021-03-14', '10:24:27', '23:36:28', 46, 6);
INSERT INTO `spectacle` (`id_spectacle`, `type_spectacle`, `date_spectacle`, `heure_debut`, `heure_fin`, `id_evenement`, `id_salle`) VALUES (26, 'lectures', '2021-03-03', '01:31:09', '09:34:29', 47, 7);
INSERT INTO `spectacle` (`id_spectacle`, `type_spectacle`, `date_spectacle`, `heure_debut`, `heure_fin`, `id_evenement`, `id_salle`) VALUES (27, 'theatre', '2021-03-21', '06:30:42', '12:02:55', 48, 8);
INSERT INTO `spectacle` (`id_spectacle`, `type_spectacle`, `date_spectacle`, `heure_debut`, `heure_fin`, `id_evenement`, `id_salle`) VALUES (28, 'musique', '2021-03-19', '02:18:28', '04:03:35', 49, 9);
INSERT INTO `spectacle` (`id_spectacle`, `type_spectacle`, `date_spectacle`, `heure_debut`, `heure_fin`, `id_evenement`, `id_salle`) VALUES (29, 'lectures', '2021-03-18', '04:25:16', '11:38:46', 50, 10);
INSERT INTO `spectacle` (`id_spectacle`, `type_spectacle`, `date_spectacle`, `heure_debut`, `heure_fin`, `id_evenement`, `id_salle`) VALUES (30, 'lectures', '2021-03-18', '00:34:54', '09:37:40', 51, 11);
INSERT INTO `spectacle` (`id_spectacle`, `type_spectacle`, `date_spectacle`, `heure_debut`, `heure_fin`, `id_evenement`, `id_salle`) VALUES (31, 'performances', '2021-03-13', '01:38:29', '06:24:08', 54, 14);
INSERT INTO `spectacle` (`id_spectacle`, `type_spectacle`, `date_spectacle`, `heure_debut`, `heure_fin`, `id_evenement`, `id_salle`) VALUES (32, 'lectures', '2021-03-02', '10:57:25', '22:31:05', 1, 15);
INSERT INTO `spectacle` (`id_spectacle`, `type_spectacle`, `date_spectacle`, `heure_debut`, `heure_fin`, `id_evenement`, `id_salle`) VALUES (33, 'theatre', '2021-03-23', '09:04:00', '17:32:31', 3, 17);
INSERT INTO `spectacle` (`id_spectacle`, `type_spectacle`, `date_spectacle`, `heure_debut`, `heure_fin`, `id_evenement`, `id_salle`) VALUES (34, 'lectures', '2021-02-26', '17:04:00', '19:54:43', 6, 20);
INSERT INTO `spectacle` (`id_spectacle`, `type_spectacle`, `date_spectacle`, `heure_debut`, `heure_fin`, `id_evenement`, `id_salle`) VALUES (35, 'performances', '2021-03-24', '06:03:46', '19:14:54', 7, 1);
INSERT INTO `spectacle` (`id_spectacle`, `type_spectacle`, `date_spectacle`, `heure_debut`, `heure_fin`, `id_evenement`, `id_salle`) VALUES (36, 'lectures', '2021-02-26', '14:12:57', '15:16:40', 10, 4);
INSERT INTO `spectacle` (`id_spectacle`, `type_spectacle`, `date_spectacle`, `heure_debut`, `heure_fin`, `id_evenement`, `id_salle`) VALUES (37, 'performances', '2021-03-17', '02:23:27', '19:28:25', 11, 5);
INSERT INTO `spectacle` (`id_spectacle`, `type_spectacle`, `date_spectacle`, `heure_debut`, `heure_fin`, `id_evenement`, `id_salle`) VALUES (38, 'lectures', '2021-03-18', '11:57:06', '12:13:32', 12, 6);
INSERT INTO `spectacle` (`id_spectacle`, `type_spectacle`, `date_spectacle`, `heure_debut`, `heure_fin`, `id_evenement`, `id_salle`) VALUES (39, 'musique', '2021-03-10', '07:00:16', '19:24:16', 13, 7);
INSERT INTO `spectacle` (`id_spectacle`, `type_spectacle`, `date_spectacle`, `heure_debut`, `heure_fin`, `id_evenement`, `id_salle`) VALUES (40, 'musique', '2021-03-03', '08:52:09', '15:20:24', 14, 8);
INSERT INTO `spectacle` (`id_spectacle`, `type_spectacle`, `date_spectacle`, `heure_debut`, `heure_fin`, `id_evenement`, `id_salle`) VALUES (41, 'musique', '2021-03-06', '04:03:33', '10:48:45', 16, 10);
INSERT INTO `spectacle` (`id_spectacle`, `type_spectacle`, `date_spectacle`, `heure_debut`, `heure_fin`, `id_evenement`, `id_salle`) VALUES (42, 'performances', '2021-03-09', '02:43:32', '05:13:26', 20, 14);
INSERT INTO `spectacle` (`id_spectacle`, `type_spectacle`, `date_spectacle`, `heure_debut`, `heure_fin`, `id_evenement`, `id_salle`) VALUES (43, 'cirque', '2021-03-14', '06:02:24', '12:25:12', 21, 15);
INSERT INTO `spectacle` (`id_spectacle`, `type_spectacle`, `date_spectacle`, `heure_debut`, `heure_fin`, `id_evenement`, `id_salle`) VALUES (44, 'musique', '2021-03-18', '05:24:48', '13:44:54', 23, 17);
INSERT INTO `spectacle` (`id_spectacle`, `type_spectacle`, `date_spectacle`, `heure_debut`, `heure_fin`, `id_evenement`, `id_salle`) VALUES (45, 'cirque', '2021-03-06', '10:46:21', '22:58:56', 28, 2);
INSERT INTO `spectacle` (`id_spectacle`, `type_spectacle`, `date_spectacle`, `heure_debut`, `heure_fin`, `id_evenement`, `id_salle`) VALUES (46, 'theatre', '2021-03-18', '09:36:33', '09:50:06', 29, 3);
INSERT INTO `spectacle` (`id_spectacle`, `type_spectacle`, `date_spectacle`, `heure_debut`, `heure_fin`, `id_evenement`, `id_salle`) VALUES (47, 'danse', '2021-03-23', '02:24:31', '17:35:12', 30, 4);
INSERT INTO `spectacle` (`id_spectacle`, `type_spectacle`, `date_spectacle`, `heure_debut`, `heure_fin`, `id_evenement`, `id_salle`) VALUES (48, 'lectures', '2021-03-20', '01:43:26', '05:04:56', 32, 6);
INSERT INTO `spectacle` (`id_spectacle`, `type_spectacle`, `date_spectacle`, `heure_debut`, `heure_fin`, `id_evenement`, `id_salle`) VALUES (49, 'musique', '2021-03-25', '01:42:17', '17:31:38', 35, 9);
INSERT INTO `spectacle` (`id_spectacle`, `type_spectacle`, `date_spectacle`, `heure_debut`, `heure_fin`, `id_evenement`, `id_salle`) VALUES (50, 'lectures', '2021-03-07', '03:26:53', '19:01:12', 36, 10);
INSERT INTO `spectacle` (`id_spectacle`, `type_spectacle`, `date_spectacle`, `heure_debut`, `heure_fin`, `id_evenement`, `id_salle`) VALUES (51, 'cirque', '2021-03-14', '15:16:18', '21:56:06', 37, 11);
INSERT INTO `spectacle` (`id_spectacle`, `type_spectacle`, `date_spectacle`, `heure_debut`, `heure_fin`, `id_evenement`, `id_salle`) VALUES (52, 'theatre', '2021-03-22', '05:06:44', '11:17:15', 39, 13);
INSERT INTO `spectacle` (`id_spectacle`, `type_spectacle`, `date_spectacle`, `heure_debut`, `heure_fin`, `id_evenement`, `id_salle`) VALUES (53, 'theatre', '2021-03-02', '14:47:49', '18:00:53', 40, 14);
INSERT INTO `spectacle` (`id_spectacle`, `type_spectacle`, `date_spectacle`, `heure_debut`, `heure_fin`, `id_evenement`, `id_salle`) VALUES (54, 'cirque', '2021-03-24', '19:35:57', '23:17:54', 41, 15);
INSERT INTO `spectacle` (`id_spectacle`, `type_spectacle`, `date_spectacle`, `heure_debut`, `heure_fin`, `id_evenement`, `id_salle`) VALUES (55, 'lectures', '2021-03-21', '00:52:36', '01:38:29', 46, 20);

INSERT INTO `tarif` (`id_tarif`, `type_tarif`, `id_spectacle`) VALUES (1, 'tarif benevole', 1);
INSERT INTO `tarif` (`id_tarif`, `type_tarif`, `id_spectacle`) VALUES (2, 'tarif benevole', 2);
INSERT INTO `tarif` (`id_tarif`, `type_tarif`, `id_spectacle`) VALUES (3, 'tarif reduit', 3);
INSERT INTO `tarif` (`id_tarif`, `type_tarif`, `id_spectacle`) VALUES (4, 'tarif plein', 4);
INSERT INTO `tarif` (`id_tarif`, `type_tarif`, `id_spectacle`) VALUES (5, 'tarif reduit', 5);
INSERT INTO `tarif` (`id_tarif`, `type_tarif`, `id_spectacle`) VALUES (6, 'tarif jeune', 6);
INSERT INTO `tarif` (`id_tarif`, `type_tarif`, `id_spectacle`) VALUES (7, 'tarif plein', 7);
INSERT INTO `tarif` (`id_tarif`, `type_tarif`, `id_spectacle`) VALUES (8, 'tarif benevole', 8);
INSERT INTO `tarif` (`id_tarif`, `type_tarif`, `id_spectacle`) VALUES (9, 'tarif jeune', 9);
INSERT INTO `tarif` (`id_tarif`, `type_tarif`, `id_spectacle`) VALUES (10, 'tarif jeune', 10);
INSERT INTO `tarif` (`id_tarif`, `type_tarif`, `id_spectacle`) VALUES (11, 'tarif benevole', 11);
INSERT INTO `tarif` (`id_tarif`, `type_tarif`, `id_spectacle`) VALUES (12, 'tarif benevole', 12);
INSERT INTO `tarif` (`id_tarif`, `type_tarif`, `id_spectacle`) VALUES (13, 'tarif jeune', 13);
INSERT INTO `tarif` (`id_tarif`, `type_tarif`, `id_spectacle`) VALUES (14, 'tarif plein', 14);
INSERT INTO `tarif` (`id_tarif`, `type_tarif`, `id_spectacle`) VALUES (15, 'tarif plein', 15);
INSERT INTO `tarif` (`id_tarif`, `type_tarif`, `id_spectacle`) VALUES (16, 'tarif jeune', 16);
INSERT INTO `tarif` (`id_tarif`, `type_tarif`, `id_spectacle`) VALUES (17, 'tarif benevole', 17);
INSERT INTO `tarif` (`id_tarif`, `type_tarif`, `id_spectacle`) VALUES (18, 'tarif jeune', 18);
INSERT INTO `tarif` (`id_tarif`, `type_tarif`, `id_spectacle`) VALUES (19, 'tarif plein', 19);
INSERT INTO `tarif` (`id_tarif`, `type_tarif`, `id_spectacle`) VALUES (20, 'tarif jeune', 20);

INSERT INTO `personne` (`id_personne`, `mail`, `nom`, `prenom`, `date_naissance`, `adresse`, `numero_telephone`) VALUES (1, 'xgulgowski@gmail.com', 'Lakin', 'Emily', '1971-06-30', '74382 Bogisich Shoals Apt. 455\nPort Keara, PA', '956-459-2467');
INSERT INTO `personne` (`id_personne`, `mail`, `nom`, `prenom`, `date_naissance`, `adresse`, `numero_telephone`) VALUES (2, 'dee54@gmail.com', 'Goyette', 'Adonis', '1991-08-11', '987 Stark Wall Apt. 757\nMohrfurt, WA 62935', '(983)197-6818');
INSERT INTO `personne` (`id_personne`, `mail`, `nom`, `prenom`, `date_naissance`, `adresse`, `numero_telephone`) VALUES (3, 'graham.stefanie@gmail.com', 'Brakus', 'Caroline', '2000-01-09', '590 Daugherty Motorway\nHickleland, MT 47980', '1-149-099-3993x1935');
INSERT INTO `personne` (`id_personne`, `mail`, `nom`, `prenom`, `date_naissance`, `adresse`, `numero_telephone`) VALUES (4, 'stiedemann.magdalen@yahoo.com', 'Gleichner', 'Brock', '2016-11-09', '7410 Williamson Crossroad Suite 447\nAsaville,', '+77(9)5796607371');
INSERT INTO `personne` (`id_personne`, `mail`, `nom`, `prenom`, `date_naissance`, `adresse`, `numero_telephone`) VALUES (5, 'chester.weber@yahoo.com', 'Stracke', 'Rosamond', '2009-06-23', '9721 Vanessa Mill\nWest Yoshiko, NV 91024', '1-130-321-2204');
INSERT INTO `personne` (`id_personne`, `mail`, `nom`, `prenom`, `date_naissance`, `adresse`, `numero_telephone`) VALUES (6, 'samara53@gmail.com', 'Bailey', 'Kyleigh', '1992-06-17', '618 Douglas Ranch\nNorth Clint, WA 94115', '+32(0)2366983265');
INSERT INTO `personne` (`id_personne`, `mail`, `nom`, `prenom`, `date_naissance`, `adresse`, `numero_telephone`) VALUES (7, 'gail.pollich@gmail.com', 'Dicki', 'Granville', '2020-06-05', '551 Bartoletti Cliffs Suite 286\nNorth Electas', '552-828-7834');
INSERT INTO `personne` (`id_personne`, `mail`, `nom`, `prenom`, `date_naissance`, `adresse`, `numero_telephone`) VALUES (8, 'rodrick.schuster@gmail.com', 'Borer', 'Jovany', '1971-08-10', '200 Mann Mount Apt. 632\nAlbertoton, NM 20264-', '809-778-6596x25226');
INSERT INTO `personne` (`id_personne`, `mail`, `nom`, `prenom`, `date_naissance`, `adresse`, `numero_telephone`) VALUES (9, 'bauch.demond@hotmail.com', 'Emard', 'Cathy', '1973-02-19', '750 Hayden Union\nHamillberg, FL 83509-2005', '1-942-980-3548');
INSERT INTO `personne` (`id_personne`, `mail`, `nom`, `prenom`, `date_naissance`, `adresse`, `numero_telephone`) VALUES (10, 'sidney48@hotmail.com', 'D\'Amore', 'Lyla', '2000-04-11', '9840 Natalie Isle Suite 893\nMedhurstmouth, AL', '233-362-0246x9458');
INSERT INTO `personne` (`id_personne`, `mail`, `nom`, `prenom`, `date_naissance`, `adresse`, `numero_telephone`) VALUES (11, 'phyllis.hills@gmail.com', 'Kessler', 'Easton', '2002-12-19', '6554 Coby Keys Suite 908\nEast Audrafort, WY 4', '124-570-6144');
INSERT INTO `personne` (`id_personne`, `mail`, `nom`, `prenom`, `date_naissance`, `adresse`, `numero_telephone`) VALUES (12, 'keagan.kling@yahoo.com', 'Dicki', 'Joseph', '1978-05-22', '7785 Nayeli Trace\nStiedemannhaven, PA 99610-7', '06187362219');
INSERT INTO `personne` (`id_personne`, `mail`, `nom`, `prenom`, `date_naissance`, `adresse`, `numero_telephone`) VALUES (13, 'flossie66@gmail.com', 'Hand', 'Merle', '2004-11-11', '3883 Krajcik Course Apt. 000\nVeumville, VA 08', '1-085-842-5126');
INSERT INTO `personne` (`id_personne`, `mail`, `nom`, `prenom`, `date_naissance`, `adresse`, `numero_telephone`) VALUES (14, 'tia.connelly@gmail.com', 'Krajcik', 'Jimmie', '1980-01-30', '1237 Kira Crescent\nSouth Jarrodfurt, AL 32495', '+31(2)8349407365');
INSERT INTO `personne` (`id_personne`, `mail`, `nom`, `prenom`, `date_naissance`, `adresse`, `numero_telephone`) VALUES (15, 'tanner56@yahoo.com', 'Witting', 'Lilly', '2001-12-18', '8942 Strosin Causeway Apt. 464\nOsinskimouth, ', '1-726-241-1689x5774');
INSERT INTO `personne` (`id_personne`, `mail`, `nom`, `prenom`, `date_naissance`, `adresse`, `numero_telephone`) VALUES (16, 'braeden.rutherford@gmail.com', 'Ferry', 'Shyann', '1974-11-30', '0644 Jeremie Ports Suite 349\nPriceborough, DC', '1-897-799-3265');
INSERT INTO `personne` (`id_personne`, `mail`, `nom`, `prenom`, `date_naissance`, `adresse`, `numero_telephone`) VALUES (17, 'chaya61@yahoo.com', 'Harber', 'Xander', '2017-08-07', '76178 Bridget Village\nEarnesthaven, ID 72350', '555.602.6548x082');
INSERT INTO `personne` (`id_personne`, `mail`, `nom`, `prenom`, `date_naissance`, `adresse`, `numero_telephone`) VALUES (18, 'hharber@hotmail.com', 'Feest', 'Shawna', '1993-06-05', '864 Steuber Lights Suite 442\nNew Moses, KS 99', '(276)293-8336x574');
INSERT INTO `personne` (`id_personne`, `mail`, `nom`, `prenom`, `date_naissance`, `adresse`, `numero_telephone`) VALUES (19, 'quinn49@yahoo.com', 'Watsica', 'Ben', '2004-07-19', '9883 Cormier Shoals\nMortimerview, MT 06614', '269.378.7694x58712');
INSERT INTO `personne` (`id_personne`, `mail`, `nom`, `prenom`, `date_naissance`, `adresse`, `numero_telephone`) VALUES (20, 'ariel.schamberger@hotmail.com', 'Nader', 'Toy', '2009-03-17', '950 Hoeger Ferry Suite 628\nWest Anabelle, FL ', '939.749.0661');

INSERT INTO `tiket` VALUES (1,573,'en ligne',1,1,'non'),(2,489,'en ligne',2,2,'non'),(3,607,'sur place',3,3,'non'),(4,726,'en ligne',4,4,'non'),(5,503,'sur place',5,5,'non'),(6,767,'en ligne',6,6,'non'),(7,397,'sur place',7,7,'non'),(8,629,'sur place',8,8,'non'),(9,675,'sur place',9,9,'non'),(10,562,'en ligne',10,10,'non'),(11,234,'en ligne',11,11,'non'),(12,316,'en ligne',12,12,'non'),(13,526,'en ligne',13,13,'non'),(14,981,'sur place',14,14,'non'),(15,66,'sur place',15,15,'non'),(16,254,'en ligne',16,16,'non'),(17,668,'sur place',17,17,'non'),(18,899,'en ligne',18,18,'non'),(19,916,'en ligne',19,19,'non'),(20,322,'en ligne',20,20,'non');

INSERT INTO `pole` (`id_pole`, `nom_pole`) VALUES (1, ' organisation');
INSERT INTO `pole` (`id_pole`, `nom_pole`) VALUES (2, ' nettoyage');
INSERT INTO `pole` (`id_pole`, `nom_pole`) VALUES (3, ' organisation');
INSERT INTO `pole` (`id_pole`, `nom_pole`) VALUES (4, ' nettoyage');
INSERT INTO `pole` (`id_pole`, `nom_pole`) VALUES (5, ' securite');
INSERT INTO `pole` (`id_pole`, `nom_pole`) VALUES (6, ' organisation');
INSERT INTO `pole` (`id_pole`, `nom_pole`) VALUES (7, 'programmation');
INSERT INTO `pole` (`id_pole`, `nom_pole`) VALUES (8, ' securite');
INSERT INTO `pole` (`id_pole`, `nom_pole`) VALUES (9, ' nettoyage');
INSERT INTO `pole` (`id_pole`, `nom_pole`) VALUES (10, ' nettoyage');
INSERT INTO `pole` (`id_pole`, `nom_pole`) VALUES (11, 'programmation');
INSERT INTO `pole` (`id_pole`, `nom_pole`) VALUES (12, 'programmation');
INSERT INTO `pole` (`id_pole`, `nom_pole`) VALUES (13, ' organisation');
INSERT INTO `pole` (`id_pole`, `nom_pole`) VALUES (14, 'programmation');
INSERT INTO `pole` (`id_pole`, `nom_pole`) VALUES (15, ' securite');
INSERT INTO `pole` (`id_pole`, `nom_pole`) VALUES (16, 'programmation');
INSERT INTO `pole` (`id_pole`, `nom_pole`) VALUES (17, ' organisation');
INSERT INTO `pole` (`id_pole`, `nom_pole`) VALUES (18, ' nettoyage');
INSERT INTO `pole` (`id_pole`, `nom_pole`) VALUES (19, 'programmation');
INSERT INTO `pole` (`id_pole`, `nom_pole`) VALUES (20, 'programmation');

INSERT INTO `artiste` (`id_artist`, `nom_artiste`, `description_artiste`, `cachet`, `id_spectacle`) VALUES (1, 'Amani', 'cheveux court', '894', 1);
INSERT INTO `artiste` (`id_artist`, `nom_artiste`, `description_artiste`, `cachet`, `id_spectacle`) VALUES (2, 'Camden', 'cheveux long', '114', 2);
INSERT INTO `artiste` (`id_artist`, `nom_artiste`, `description_artiste`, `cachet`, `id_spectacle`) VALUES (3, 'Candida', 'longue taille', '866', 3);
INSERT INTO `artiste` (`id_artist`, `nom_artiste`, `description_artiste`, `cachet`, `id_spectacle`) VALUES (4, 'Hillary', 'courte taille', '1137', 4);
INSERT INTO `artiste` (`id_artist`, `nom_artiste`, `description_artiste`, `cachet`, `id_spectacle`) VALUES (5, 'Eulah', 'longue taille', '1355', 5);
INSERT INTO `artiste` (`id_artist`, `nom_artiste`, `description_artiste`, `cachet`, `id_spectacle`) VALUES (6, 'Vanessa', 'cheveux long', '1756', 6);
INSERT INTO `artiste` (`id_artist`, `nom_artiste`, `description_artiste`, `cachet`, `id_spectacle`) VALUES (7, 'Jeff', 'courte taille', '537', 7);
INSERT INTO `artiste` (`id_artist`, `nom_artiste`, `description_artiste`, `cachet`, `id_spectacle`) VALUES (8, 'Crystal', 'cheveux court', '1902', 8);
INSERT INTO `artiste` (`id_artist`, `nom_artiste`, `description_artiste`, `cachet`, `id_spectacle`) VALUES (9, 'Anika', 'cheveux court', '1293', 9);
INSERT INTO `artiste` (`id_artist`, `nom_artiste`, `description_artiste`, `cachet`, `id_spectacle`) VALUES (10, 'Frederique', 'longue taille', '1492', 10);
INSERT INTO `artiste` (`id_artist`, `nom_artiste`, `description_artiste`, `cachet`, `id_spectacle`) VALUES (11, 'Lizeth', 'longue taille', '1047', 11);
INSERT INTO `artiste` (`id_artist`, `nom_artiste`, `description_artiste`, `cachet`, `id_spectacle`) VALUES (12, 'Erich', 'cheveux court', '1924', 12);
INSERT INTO `artiste` (`id_artist`, `nom_artiste`, `description_artiste`, `cachet`, `id_spectacle`) VALUES (13, 'Augustine', 'longue taille', '1792', 13);
INSERT INTO `artiste` (`id_artist`, `nom_artiste`, `description_artiste`, `cachet`, `id_spectacle`) VALUES (14, 'Leola', 'longue taille', '405', 14);
INSERT INTO `artiste` (`id_artist`, `nom_artiste`, `description_artiste`, `cachet`, `id_spectacle`) VALUES (15, 'Leland', 'cheveux court', '750', 15);
INSERT INTO `artiste` (`id_artist`, `nom_artiste`, `description_artiste`, `cachet`, `id_spectacle`) VALUES (16, 'Alayna', 'longue taille', '1584', 16);
INSERT INTO `artiste` (`id_artist`, `nom_artiste`, `description_artiste`, `cachet`, `id_spectacle`) VALUES (17, 'Jewell', 'longue taille', '1526', 17);
INSERT INTO `artiste` (`id_artist`, `nom_artiste`, `description_artiste`, `cachet`, `id_spectacle`) VALUES (18, 'Cortney', 'cheveux court', '264', 18);
INSERT INTO `artiste` (`id_artist`, `nom_artiste`, `description_artiste`, `cachet`, `id_spectacle`) VALUES (19, 'Hazel', 'courte taille', '1879', 19);
INSERT INTO `artiste` (`id_artist`, `nom_artiste`, `description_artiste`, `cachet`, `id_spectacle`) VALUES (20, 'Zakary', 'courte taille', '1927', 20);



INSERT INTO `compte_client` (`id_compte_client`, `id_personne`) VALUES (1, 1);
INSERT INTO `compte_client` (`id_compte_client`, `id_personne`) VALUES (2, 2);
INSERT INTO `compte_client` (`id_compte_client`, `id_personne`) VALUES (3, 3);
INSERT INTO `compte_client` (`id_compte_client`, `id_personne`) VALUES (4, 4);
INSERT INTO `compte_client` (`id_compte_client`, `id_personne`) VALUES (5, 5);
INSERT INTO `compte_client` (`id_compte_client`, `id_personne`) VALUES (6, 6);
INSERT INTO `compte_client` (`id_compte_client`, `id_personne`) VALUES (7, 7);
INSERT INTO `compte_client` (`id_compte_client`, `id_personne`) VALUES (8, 8);
INSERT INTO `compte_client` (`id_compte_client`, `id_personne`) VALUES (9, 9);
INSERT INTO `compte_client` (`id_compte_client`, `id_personne`) VALUES (10, 10);
INSERT INTO `compte_client` (`id_compte_client`, `id_personne`) VALUES (11, 11);
INSERT INTO `compte_client` (`id_compte_client`, `id_personne`) VALUES (12, 12);
INSERT INTO `compte_client` (`id_compte_client`, `id_personne`) VALUES (13, 13);
INSERT INTO `compte_client` (`id_compte_client`, `id_personne`) VALUES (14, 14);
INSERT INTO `compte_client` (`id_compte_client`, `id_personne`) VALUES (15, 15);
INSERT INTO `compte_client` (`id_compte_client`, `id_personne`) VALUES (16, 16);
INSERT INTO `compte_client` (`id_compte_client`, `id_personne`) VALUES (17, 17);
INSERT INTO `compte_client` (`id_compte_client`, `id_personne`) VALUES (18, 18);
INSERT INTO `compte_client` (`id_compte_client`, `id_personne`) VALUES (19, 19);
INSERT INTO `compte_client` (`id_compte_client`, `id_personne`) VALUES (20, 20);

INSERT INTO `salarie` (`id_salarie`, `poste`, `id_personne`, `salaire`) VALUES (1, 'technicien', 1, '1351');
INSERT INTO `salarie` (`id_salarie`, `poste`, `id_personne`, `salaire`) VALUES (2, ' administratif', 2, '1648');
INSERT INTO `salarie` (`id_salarie`, `poste`, `id_personne`, `salaire`) VALUES (3, ' administratif', 3, '1553');
INSERT INTO `salarie` (`id_salarie`, `poste`, `id_personne`, `salaire`) VALUES (4, ' administratif', 4, '1764');
INSERT INTO `salarie` (`id_salarie`, `poste`, `id_personne`, `salaire`) VALUES (5, ' securite', 5, '1232');
INSERT INTO `salarie` (`id_salarie`, `poste`, `id_personne`, `salaire`) VALUES (6, ' administratif', 6, '1178');
INSERT INTO `salarie` (`id_salarie`, `poste`, `id_personne`, `salaire`) VALUES (7, 'technicien', 7, '1456');
INSERT INTO `salarie` (`id_salarie`, `poste`, `id_personne`, `salaire`) VALUES (8, 'technicien', 8, '1159');
INSERT INTO `salarie` (`id_salarie`, `poste`, `id_personne`, `salaire`) VALUES (9, ' securite', 9, '1697');
INSERT INTO `salarie` (`id_salarie`, `poste`, `id_personne`, `salaire`) VALUES (10, 'technicien', 10, '1163');
INSERT INTO `salarie` (`id_salarie`, `poste`, `id_personne`, `salaire`) VALUES (11, 'technicien', 11, '1570');
INSERT INTO `salarie` (`id_salarie`, `poste`, `id_personne`, `salaire`) VALUES (12, 'technicien', 12, '1014');
INSERT INTO `salarie` (`id_salarie`, `poste`, `id_personne`, `salaire`) VALUES (13, ' administratif', 13, '1614');
INSERT INTO `salarie` (`id_salarie`, `poste`, `id_personne`, `salaire`) VALUES (14, ' administratif', 14, '1600');
INSERT INTO `salarie` (`id_salarie`, `poste`, `id_personne`, `salaire`) VALUES (15, ' administratif', 15, '1793');
INSERT INTO `salarie` (`id_salarie`, `poste`, `id_personne`, `salaire`) VALUES (16, 'technicien', 16, '1473');
INSERT INTO `salarie` (`id_salarie`, `poste`, `id_personne`, `salaire`) VALUES (17, ' administratif', 17, '1964');
INSERT INTO `salarie` (`id_salarie`, `poste`, `id_personne`, `salaire`) VALUES (18, 'technicien', 18, '1463');
INSERT INTO `salarie` (`id_salarie`, `poste`, `id_personne`, `salaire`) VALUES (19, 'technicien', 19, '1298');
INSERT INTO `salarie` (`id_salarie`, `poste`, `id_personne`, `salaire`) VALUES (20, ' administratif', 20, '1122');

INSERT INTO `payement` VALUES (1,1,'1974-07-05 11:53:31',1390),(2,2,'2010-03-25 06:34:14',309),(3,3,'2013-06-03 14:55:07',511),(4,4,'1994-07-08 12:27:55',423),(5,5,'2010-11-21 22:54:41',1136),(6,6,'1975-11-30 23:33:19',1890),(7,7,'2008-08-15 08:31:26',419),(8,8,'1971-07-13 14:14:48',859),(9,9,'2002-08-26 05:38:53',1602),(10,10,'1983-10-20 02:31:27',767),(11,11,'2003-04-25 22:46:32',456),(12,12,'1996-01-24 20:16:41',1611),(13,13,'1998-03-29 20:55:36',332),(14,14,'1995-09-22 01:08:36',1417),(15,15,'2009-09-18 11:11:22',621),(16,16,'1985-08-24 20:50:39',1012),(17,17,'1986-01-14 01:28:48',566),(18,18,'1973-04-09 00:43:22',524),(19,19,'2009-11-18 11:59:55',942),(20,20,'1974-12-31 02:49:35',1208);

INSERT INTO `benevole_responsable` (`id_benevole_responsable`, `nom_responsabilite`) VALUES (1, 'organisation');
INSERT INTO `benevole_responsable` (`id_benevole_responsable`, `nom_responsabilite`) VALUES (2, 'organisation');
INSERT INTO `benevole_responsable` (`id_benevole_responsable`, `nom_responsabilite`) VALUES (3, 'securite');
INSERT INTO `benevole_responsable` (`id_benevole_responsable`, `nom_responsabilite`) VALUES (4, 'technique');
INSERT INTO `benevole_responsable` (`id_benevole_responsable`, `nom_responsabilite`) VALUES (5, 'organisation');
INSERT INTO `benevole_responsable` (`id_benevole_responsable`, `nom_responsabilite`) VALUES (6, 'technique');
INSERT INTO `benevole_responsable` (`id_benevole_responsable`, `nom_responsabilite`) VALUES (7, 'comptabilite');
INSERT INTO `benevole_responsable` (`id_benevole_responsable`, `nom_responsabilite`) VALUES (8, 'technique');
INSERT INTO `benevole_responsable` (`id_benevole_responsable`, `nom_responsabilite`) VALUES (9, 'comptabilite');
INSERT INTO `benevole_responsable` (`id_benevole_responsable`, `nom_responsabilite`) VALUES (10, 'technique');
INSERT INTO `benevole_responsable` (`id_benevole_responsable`, `nom_responsabilite`) VALUES (11, 'securite');
INSERT INTO `benevole_responsable` (`id_benevole_responsable`, `nom_responsabilite`) VALUES (12, 'securite');
INSERT INTO `benevole_responsable` (`id_benevole_responsable`, `nom_responsabilite`) VALUES (13, 'technique');
INSERT INTO `benevole_responsable` (`id_benevole_responsable`, `nom_responsabilite`) VALUES (14, 'technique');
INSERT INTO `benevole_responsable` (`id_benevole_responsable`, `nom_responsabilite`) VALUES (15, 'organisation');
INSERT INTO `benevole_responsable` (`id_benevole_responsable`, `nom_responsabilite`) VALUES (16, 'technique');
INSERT INTO `benevole_responsable` (`id_benevole_responsable`, `nom_responsabilite`) VALUES (17, 'securite');
INSERT INTO `benevole_responsable` (`id_benevole_responsable`, `nom_responsabilite`) VALUES (18, 'technique');
INSERT INTO `benevole_responsable` (`id_benevole_responsable`, `nom_responsabilite`) VALUES (19, 'comptabilite');
INSERT INTO `benevole_responsable` (`id_benevole_responsable`, `nom_responsabilite`) VALUES (20, 'comptabilite');

INSERT INTO `benevole` (`id_benevole`, `id_pole`, `id_personne`, `specificite`) VALUES (1, 1, 1, ' aide a la securite');
INSERT INTO `benevole` (`id_benevole`, `id_pole`, `id_personne`, `specificite`) VALUES (2, 2, 2, 'comptabilite');
INSERT INTO `benevole` (`id_benevole`, `id_pole`, `id_personne`, `specificite`) VALUES (3, 3, 3, 'comptabilite');
INSERT INTO `benevole` (`id_benevole`, `id_pole`, `id_personne`, `specificite`) VALUES (4, 4, 4, ' aide a la securite');
INSERT INTO `benevole` (`id_benevole`, `id_pole`, `id_personne`, `specificite`) VALUES (5, 5, 5, ' connaissances techniques musicales');
INSERT INTO `benevole` (`id_benevole`, `id_pole`, `id_personne`, `specificite`) VALUES (6, 6, 6, ' aide a la securite');
INSERT INTO `benevole` (`id_benevole`, `id_pole`, `id_personne`, `specificite`) VALUES (7, 7, 7, 'comptabilite');
INSERT INTO `benevole` (`id_benevole`, `id_pole`, `id_personne`, `specificite`) VALUES (8, 8, 8, 'comptabilite');
INSERT INTO `benevole` (`id_benevole`, `id_pole`, `id_personne`, `specificite`) VALUES (9, 9, 9, ' connaissances techniques musicales');
INSERT INTO `benevole` (`id_benevole`, `id_pole`, `id_personne`, `specificite`) VALUES (10, 10, 10, ' connaissances techniques musicales');
INSERT INTO `benevole` (`id_benevole`, `id_pole`, `id_personne`, `specificite`) VALUES (11, 11, 11, ' connaissances techniques musicales');
INSERT INTO `benevole` (`id_benevole`, `id_pole`, `id_personne`, `specificite`) VALUES (12, 12, 12, 'comptabilite');
INSERT INTO `benevole` (`id_benevole`, `id_pole`, `id_personne`, `specificite`) VALUES (13, 13, 13, ' aide a la securite');
INSERT INTO `benevole` (`id_benevole`, `id_pole`, `id_personne`, `specificite`) VALUES (14, 14, 14, 'comptabilite');
INSERT INTO `benevole` (`id_benevole`, `id_pole`, `id_personne`, `specificite`) VALUES (15, 15, 15, 'comptabilite');
INSERT INTO `benevole` (`id_benevole`, `id_pole`, `id_personne`, `specificite`) VALUES (16, 16, 16, ' aide a la securite');
INSERT INTO `benevole` (`id_benevole`, `id_pole`, `id_personne`, `specificite`) VALUES (17, 17, 17, 'comptabilite');
INSERT INTO `benevole` (`id_benevole`, `id_pole`, `id_personne`, `specificite`) VALUES (18, 18, 18, ' aide a la securite');
INSERT INTO `benevole` (`id_benevole`, `id_pole`, `id_personne`, `specificite`) VALUES (19, 19, 19, ' aide a la securite');
INSERT INTO `benevole` (`id_benevole`, `id_pole`, `id_personne`, `specificite`) VALUES (20, 20, 20, ' connaissances techniques musicales');

INSERT INTO `benevole_inscription` (`id_benevole`, `id_evenement`, `id_benevole_responsable`) VALUES (1, 1, 1);
INSERT INTO `benevole_inscription` (`id_benevole`, `id_evenement`, `id_benevole_responsable`) VALUES (2, 2, 2);
INSERT INTO `benevole_inscription` (`id_benevole`, `id_evenement`, `id_benevole_responsable`) VALUES (3, 3, 3);
INSERT INTO `benevole_inscription` (`id_benevole`, `id_evenement`, `id_benevole_responsable`) VALUES (4, 4, 4);
INSERT INTO `benevole_inscription` (`id_benevole`, `id_evenement`, `id_benevole_responsable`) VALUES (5, 5, 5);
INSERT INTO `benevole_inscription` (`id_benevole`, `id_evenement`, `id_benevole_responsable`) VALUES (6, 6, 6);
INSERT INTO `benevole_inscription` (`id_benevole`, `id_evenement`, `id_benevole_responsable`) VALUES (7, 7, 7);
INSERT INTO `benevole_inscription` (`id_benevole`, `id_evenement`, `id_benevole_responsable`) VALUES (8, 8, 8);
INSERT INTO `benevole_inscription` (`id_benevole`, `id_evenement`, `id_benevole_responsable`) VALUES (9, 9, 9);
INSERT INTO `benevole_inscription` (`id_benevole`, `id_evenement`, `id_benevole_responsable`) VALUES (10, 10, 10);
INSERT INTO `benevole_inscription` (`id_benevole`, `id_evenement`, `id_benevole_responsable`) VALUES (11, 11, 11);
INSERT INTO `benevole_inscription` (`id_benevole`, `id_evenement`, `id_benevole_responsable`) VALUES (12, 12, 12);
INSERT INTO `benevole_inscription` (`id_benevole`, `id_evenement`, `id_benevole_responsable`) VALUES (13, 13, 13);
INSERT INTO `benevole_inscription` (`id_benevole`, `id_evenement`, `id_benevole_responsable`) VALUES (14, 14, 14);
INSERT INTO `benevole_inscription` (`id_benevole`, `id_evenement`, `id_benevole_responsable`) VALUES (15, 15, 15);
INSERT INTO `benevole_inscription` (`id_benevole`, `id_evenement`, `id_benevole_responsable`) VALUES (16, 16, 16);
INSERT INTO `benevole_inscription` (`id_benevole`, `id_evenement`, `id_benevole_responsable`) VALUES (17, 17, 17);
INSERT INTO `benevole_inscription` (`id_benevole`, `id_evenement`, `id_benevole_responsable`) VALUES (18, 18, 18);
INSERT INTO `benevole_inscription` (`id_benevole`, `id_evenement`, `id_benevole_responsable`) VALUES (19, 19, 19);
INSERT INTO `benevole_inscription` (`id_benevole`, `id_evenement`, `id_benevole_responsable`) VALUES (20, 20, 20);


